asset_tag,failure_mode,signal_trigger,part_no,sub_assembly
BFP-01,Bearing failure,High vibration,BFP-PRT-BRG-01,Pump Shaft Assembly
BFP-01,Seal leakage,Pressure drop,BFP-PRT-SEAL-02,Mechanical Seal Housing
BFP-01,Impeller damage,Low flow rate,BFP-PRT-IMP-03,Internal Impeller Unit
BFP-01,Cavitation,Pressure drop & vibration,BFP-PRT-GSK-04,Suction Gasket/Valve
BFP-01,Motor overload,Motor current spike,BFP-PRT-CPL-05,Motor Drive Coupling
ST-01,Bearing wear,High vibration & bearing temp,ST-PRT-BRG-01,Rotor Support Bearing
ST-01,Blade damage,Rotor imbalance vibration,ST-PRT-BLD-02,Turbine Rotor Blades
ST-01,Valve failure,Steam pressure instability,ST-PRT-VLV-03,Main Steam Throttle Valve
ST-01,Overheating,High steam temperature,ST-PRT-GSK-04,Casing Gaskets
ST-01,Rotor imbalance,High vibration frequency,ST-PRT-CPL-05,Turbine Coupling
GEN-01,Bearing failure,Bearing temperature spike,GEN-PRT-BRG-01,Main Bearing Block
GEN-01,Cooling failure,High winding temperature,GEN-PRT-FAN-02,Stator Cooling Fan
GEN-01,Excitation failure,Voltage fluctuation,GEN-PRT-EXC-03,Exciter Module
GEN-01,Insulation failure,Current leak,GEN-PRT-SEL-04,Generator Seal Ring
GEN-01,Overheating,High winding temp,GEN-PRT-CBK-05,Circuit Breaker Unit
CWP-01,Bearing wear,Vibration & bearing temp,CWP-PRT-BRG-01,Pump Journal Bearing
CWP-01,Seal leakage,Pressure drop,CWP-PRT-SEAL-02,Mechanical Seal
CWP-01,Impeller damage,Flow rate drop,CWP-PRT-IMP-03,Bronze Impeller
CWP-01,Motor failure,Motor current spike,CWP-PRT-SFT-04,Drive Shaft
CWP-01,Cavitation,Fluctuating pressure,CWP-PRT-CPL-05,Shaft Coupling
CC-01,Belt wear/breakage,Belt tension drop,CC-PRT-BLT-01,Heavy Rubber Conveyor Belt
CC-01,Bearing failure,Vibration spike,CC-PRT-BRG-02,Pulley Bearing
CC-01,Roller failure,Belt speed drop,CC-PRT-RLR-03,Impact Roller Array
CC-01,Motor overload,High motor current,CC-PRT-MTR-04,3-Phase Drive Motor
CC-01,Gearbox failure,Vibration & temp spike,CC-PRT-GBX-05,Reduction Gearbox
